<?xml version="1.0" encoding="UTF-8"?>
<Mdevices xmlns="http://info.pmda.go.jp/namespace/medical_devices/package_insert" version="1.0">
  <PackageInsertNo>99Z9Z99999999999_1_00_01</PackageInsertNo>
  <CompanyIdentifier>999999</CompanyIdentifier>
  <DateOfPreparationOrRevisionArray>
    <DateOfPreparationOrRevisionDetail id="初版">
      <YearMonth>2025-08</YearMonth>
      <Version>1.0</Version>
      <ReasonForRevision>新規作成</ReasonForRevision>
    </DateOfPreparationOrRevisionDetail>
  </DateOfPreparationOrRevisionArray>
  <ApprovalEtcArray>
    <ApprovalEtcDetail>
      <ApprovalAndLicenseNo approvalType="1">99Z9Z99999999999</ApprovalAndLicenseNo>
      <ApprovalBrandNameDetail>
        <ApprovalBrandName id="BRD_ApprovalBrandName_01">サンプルデバイスα</ApprovalBrandName>
        <AccessoriesOrCompositionArticle>架空データ</AccessoriesOrCompositionArticle>
        <ApprovalBrandNameReading>さんぷるでばいすあるふぁ</ApprovalBrandNameReading>
      </ApprovalBrandNameDetail>
      <DoNotReuse>No</DoNotReuse>
    </ApprovalEtcDetail>
  </ApprovalEtcArray>
  <CategoryAndGeneralName>
    <Category>A9999</Category>
    <GeneralName>
      <PrimaryGeneralNameDetail>
        <PrimaryGeneralName id="GNN_Main_PrimaryGeneralName">架空一般医療機器</PrimaryGeneralName>
        <JMDNCode>99999999</JMDNCode>
        <Classification>2</Classification>
      </PrimaryGeneralNameDetail>
    </GeneralName>
    <DiscernmentOfMaintenanceInstallation>None</DiscernmentOfMaintenanceInstallation>
    <DiscernmentOfTheLivingThingOriginEtc>None</DiscernmentOfTheLivingThingOriginEtc>
    <TransgenicsMaterial>None</TransgenicsMaterial>
  </CategoryAndGeneralName>
  <FormAndStructureDetail id="HDR_FormAndStructure"/>
  <InfoIndicationsOrEfficacy id="HDR_InfoIndicationsOrEfficacy" wordingPatternOfInfoIndicationsOrEfficacy="1"/>
  <PrecautionsForUseDetail id="HDR_PrecautionsForUse"/>
  <AManufacturingAndSellingContractorsNameOrANameEtc id="HDR_AManufacturingAndSellingContractorsNameOrANameEtc">
    <AManufacturingAndSellingContractorsNameOrANameDetail id="HDR_AManufacturingAndSellingContractorsNameOrAName">
      <ANameOfManufacturerEtc>株式会社サンプル医療</ANameOfManufacturerEtc>
      <Phonenumber>000-0000-0000</Phonenumber>
    </AManufacturingAndSellingContractorsNameOrANameDetail>
    <ANameOrAnOverseasNameEtcOfAFactoryArray id="HDR_ANameOrAnOverseasNameEtcOfAFactory">
      <ANameOrAnOverseasNameEtcOfAFactoryDetail>
        <ANameOfManufacturerEtc>サンプル工場</ANameOfManufacturerEtc>
        <Phonenumber>000-1111-2222</Phonenumber>
        <TheCompanyNameOfSpecificationIntoEnglish>Sample Factory Inc.</TheCompanyNameOfSpecificationIntoEnglish>
        <TheCountryCode>888</TheCountryCode>
        <NameOfACountry>架空国</NameOfACountry>
      </ANameOrAnOverseasNameEtcOfAFactoryDetail>
    </ANameOrAnOverseasNameEtcOfAFactoryArray>
  </AManufacturingAndSellingContractorsNameOrANameEtc>
  <PleaseSeeTechnicalManual>False</PleaseSeeTechnicalManual>
</Mdevices>