id_origin,name_muni2025,name_muni2020,name_muni2015,name_muni2010,name_muni2005,name_muni2000,name_ward2025,name_ward2020,name_ward2015,name_ward2010,name_ward2005,name_ward2000,id_ward2025,id_ward2020,id_ward2015,id_ward2010,id_ward2005,id_ward2000,id_muni2025,id_muni2020,id_muni2015,id_muni2010,id_muni2005,id_muni2000
01101,札幌市,札幌市,札幌市,札幌市,札幌市,札幌市,中央区,中央区,中央区,中央区,中央区,中央区,01101,01101,01101,01101,01101,01101,01100,01100,01100,01100,01100,01100
01102,札幌市,札幌市,札幌市,札幌市,札幌市,札幌市,北区,北区,北区,北区,北区,北区,01102,01102,01102,01102,01102,01102,01100,01100,01100,01100,01100,01100
01103,札幌市,札幌市,札幌市,札幌市,札幌市,札幌市,東区,東区,東区,東区,東区,東区,01103,01103,01103,01103,01103,01103,01100,01100,01100,01100,01100,01100
01104,札幌市,札幌市,札幌市,札幌市,札幌市,札幌市,白石区,白石区,白石区,白石区,白石区,白石区,01104,01104,01104,01104,01104,01104,01100,01100,01100,01100,01100,01100
01105,札幌市,札幌市,札幌市,札幌市,札幌市,札幌市,豊平区,豊平区,豊平区,豊平区,豊平区,豊平区,01105,01105,01105,01105,01105,01105,01100,01100,01100,01100,01100,01100
01106,札幌市,札幌市,札幌市,札幌市,札幌市,札幌市,南区,南区,南区,南区,南区,南区,01106,01106,01106,01106,01106,01106,01100,01100,01100,01100,01100,01100
01107,札幌市,札幌市,札幌市,札幌市,札幌市,札幌市,西区,西区,西区,西区,西区,西区,01107,01107,01107,01107,01107,01107,01100,01100,01100,01100,01100,01100
01108,札幌市,札幌市,札幌市,札幌市,札幌市,札幌市,厚別区,厚別区,厚別区,厚別区,厚別区,厚別区,01108,01108,01108,01108,01108,01108,01100,01100,01100,01100,01100,01100
01109,札幌市,札幌市,札幌市,札幌市,札幌市,札幌市,手稲区,手稲区,手稲区,手稲区,手稲区,手稲区,01109,01109,01109,01109,01109,01109,01100,01100,01100,01100,01100,01100
01110,札幌市,札幌市,札幌市,札幌市,札幌市,札幌市,清田区,清田区,清田区,清田区,清田区,清田区,01110,01110,01110,01110,01110,01110,01100,01100,01100,01100,01100,01100
04101,仙台市,仙台市,仙台市,仙台市,仙台市,仙台市,青葉区,青葉区,青葉区,青葉区,青葉区,青葉区,04101,04101,04101,04101,04101,04101,04100,04100,04100,04100,04100,04100
04102,仙台市,仙台市,仙台市,仙台市,仙台市,仙台市,宮城野区,宮城野区,宮城野区,宮城野区,宮城野区,宮城野区,04102,04102,04102,04102,04102,04102,04100,04100,04100,04100,04100,04100
04103,仙台市,仙台市,仙台市,仙台市,仙台市,仙台市,若林区,若林区,若林区,若林区,若林区,若林区,04103,04103,04103,04103,04103,04103,04100,04100,04100,04100,04100,04100
04104,仙台市,仙台市,仙台市,仙台市,仙台市,仙台市,太白区,太白区,太白区,太白区,太白区,太白区,04104,04104,04104,04104,04104,04104,04100,04100,04100,04100,04100,04100
04105,仙台市,仙台市,仙台市,仙台市,仙台市,仙台市,泉区,泉区,泉区,泉区,泉区,泉区,04105,04105,04105,04105,04105,04105,04100,04100,04100,04100,04100,04100
11205,さいたま市,さいたま市,さいたま市,さいたま市,さいたま市,大宮市,西区,西区,西区,西区,西区,NA,11101,11101,11101,11101,11101,NA,11100,11100,11100,11100,11100,11205
11205,さいたま市,さいたま市,さいたま市,さいたま市,さいたま市,大宮市,北区,北区,北区,北区,北区,NA,11102,11102,11102,11102,11102,NA,11100,11100,11100,11100,11100,11205
11205,さいたま市,さいたま市,さいたま市,さいたま市,さいたま市,大宮市,大宮区,大宮区,大宮区,大宮区,大宮区,NA,11103,11103,11103,11103,11103,NA,11100,11100,11100,11100,11100,11205
11205,さいたま市,さいたま市,さいたま市,さいたま市,さいたま市,大宮市,見沼区,見沼区,見沼区,見沼区,見沼区,NA,11104,11104,11104,11104,11104,NA,11100,11100,11100,11100,11100,11205
11220,さいたま市,さいたま市,さいたま市,さいたま市,さいたま市,与野市,中央区,中央区,中央区,中央区,中央区,NA,11105,11105,11105,11105,11105,NA,11100,11100,11100,11100,11100,11220
11204,さいたま市,さいたま市,さいたま市,さいたま市,さいたま市,浦和市,桜区,桜区,桜区,桜区,桜区,NA,11106,11106,11106,11106,11106,NA,11100,11100,11100,11100,11100,11204
11204,さいたま市,さいたま市,さいたま市,さいたま市,さいたま市,浦和市,浦和区,浦和区,浦和区,浦和区,浦和区,NA,11107,11107,11107,11107,11107,NA,11100,11100,11100,11100,11100,11204
11204,さいたま市,さいたま市,さいたま市,さいたま市,さいたま市,浦和市,南区,南区,南区,南区,南区,NA,11108,11108,11108,11108,11108,NA,11100,11100,11100,11100,11100,11204
11204,さいたま市,さいたま市,さいたま市,さいたま市,さいたま市,浦和市,緑区,緑区,緑区,緑区,緑区,NA,11109,11109,11109,11109,11109,NA,11100,11100,11100,11100,11100,11204
11213,さいたま市,さいたま市,さいたま市,さいたま市,さいたま市,岩槻市,岩槻区,岩槻区,岩槻区,岩槻区,岩槻区,NA,11110,11110,11110,11110,11110,NA,11100,11100,11100,11100,11100,11213
12101,千葉市,千葉市,千葉市,千葉市,千葉市,千葉市,中央区,中央区,中央区,中央区,中央区,中央区,12101,12101,12101,12101,12101,12101,12100,12100,12100,12100,12100,12100
12102,千葉市,千葉市,千葉市,千葉市,千葉市,千葉市,花見川区,花見川区,花見川区,花見川区,花見川区,花見川区,12102,12102,12102,12102,12102,12102,12100,12100,12100,12100,12100,12100
12103,千葉市,千葉市,千葉市,千葉市,千葉市,千葉市,稲毛区,稲毛区,稲毛区,稲毛区,稲毛区,稲毛区,12103,12103,12103,12103,12103,12103,12100,12100,12100,12100,12100,12100
12104,千葉市,千葉市,千葉市,千葉市,千葉市,千葉市,若葉区,若葉区,若葉区,若葉区,若葉区,若葉区,12104,12104,12104,12104,12104,12104,12100,12100,12100,12100,12100,12100
12105,千葉市,千葉市,千葉市,千葉市,千葉市,千葉市,緑区,緑区,緑区,緑区,緑区,緑区,12105,12105,12105,12105,12105,12105,12100,12100,12100,12100,12100,12100
12106,千葉市,千葉市,千葉市,千葉市,千葉市,千葉市,美浜区,美浜区,美浜区,美浜区,美浜区,美浜区,12106,12106,12106,12106,12106,12106,12100,12100,12100,12100,12100,12100
14101,横浜市,横浜市,横浜市,横浜市,横浜市,横浜市,鶴見区,鶴見区,鶴見区,鶴見区,鶴見区,鶴見区,14101,14101,14101,14101,14101,14101,14100,14100,14100,14100,14100,14100
14102,横浜市,横浜市,横浜市,横浜市,横浜市,横浜市,神奈川区,神奈川区,神奈川区,神奈川区,神奈川区,神奈川区,14102,14102,14102,14102,14102,14102,14100,14100,14100,14100,14100,14100
14103,横浜市,横浜市,横浜市,横浜市,横浜市,横浜市,西区,西区,西区,西区,西区,西区,14103,14103,14103,14103,14103,14103,14100,14100,14100,14100,14100,14100
14104,横浜市,横浜市,横浜市,横浜市,横浜市,横浜市,中区,中区,中区,中区,中区,中区,14104,14104,14104,14104,14104,14104,14100,14100,14100,14100,14100,14100
14105,横浜市,横浜市,横浜市,横浜市,横浜市,横浜市,南区,南区,南区,南区,南区,南区,14105,14105,14105,14105,14105,14105,14100,14100,14100,14100,14100,14100
14106,横浜市,横浜市,横浜市,横浜市,横浜市,横浜市,保土ヶ谷区,保土ヶ谷区,保土ヶ谷区,保土ヶ谷区,保土ヶ谷区,保土ヶ谷区,14106,14106,14106,14106,14106,14106,14100,14100,14100,14100,14100,14100
14107,横浜市,横浜市,横浜市,横浜市,横浜市,横浜市,磯子区,磯子区,磯子区,磯子区,磯子区,磯子区,14107,14107,14107,14107,14107,14107,14100,14100,14100,14100,14100,14100
14108,横浜市,横浜市,横浜市,横浜市,横浜市,横浜市,金沢区,金沢区,金沢区,金沢区,金沢区,金沢区,14108,14108,14108,14108,14108,14108,14100,14100,14100,14100,14100,14100
14109,横浜市,横浜市,横浜市,横浜市,横浜市,横浜市,港北区,港北区,港北区,港北区,港北区,港北区,14109,14109,14109,14109,14109,14109,14100,14100,14100,14100,14100,14100
14110,横浜市,横浜市,横浜市,横浜市,横浜市,横浜市,戸塚区,戸塚区,戸塚区,戸塚区,戸塚区,戸塚区,14110,14110,14110,14110,14110,14110,14100,14100,14100,14100,14100,14100
14111,横浜市,横浜市,横浜市,横浜市,横浜市,横浜市,港南区,港南区,港南区,港南区,港南区,港南区,14111,14111,14111,14111,14111,14111,14100,14100,14100,14100,14100,14100
14112,横浜市,横浜市,横浜市,横浜市,横浜市,横浜市,旭区,旭区,旭区,旭区,旭区,旭区,14112,14112,14112,14112,14112,14112,14100,14100,14100,14100,14100,14100
14113,横浜市,横浜市,横浜市,横浜市,横浜市,横浜市,緑区,緑区,緑区,緑区,緑区,緑区,14113,14113,14113,14113,14113,14113,14100,14100,14100,14100,14100,14100
14114,横浜市,横浜市,横浜市,横浜市,横浜市,横浜市,瀬谷区,瀬谷区,瀬谷区,瀬谷区,瀬谷区,瀬谷区,14114,14114,14114,14114,14114,14114,14100,14100,14100,14100,14100,14100
14115,横浜市,横浜市,横浜市,横浜市,横浜市,横浜市,栄区,栄区,栄区,栄区,栄区,栄区,14115,14115,14115,14115,14115,14115,14100,14100,14100,14100,14100,14100
14116,横浜市,横浜市,横浜市,横浜市,横浜市,横浜市,泉区,泉区,泉区,泉区,泉区,泉区,14116,14116,14116,14116,14116,14116,14100,14100,14100,14100,14100,14100
14117,横浜市,横浜市,横浜市,横浜市,横浜市,横浜市,青葉区,青葉区,青葉区,青葉区,青葉区,青葉区,14117,14117,14117,14117,14117,14117,14100,14100,14100,14100,14100,14100
14118,横浜市,横浜市,横浜市,横浜市,横浜市,横浜市,都筑区,都筑区,都筑区,都筑区,都筑区,都筑区,14118,14118,14118,14118,14118,14118,14100,14100,14100,14100,14100,14100
14131,川崎市,川崎市,川崎市,川崎市,川崎市,川崎市,川崎区,川崎区,川崎区,川崎区,川崎区,川崎区,14131,14131,14131,14131,14131,14131,14130,14130,14130,14130,14130,14130
14132,川崎市,川崎市,川崎市,川崎市,川崎市,川崎市,幸区,幸区,幸区,幸区,幸区,幸区,14132,14132,14132,14132,14132,14132,14130,14130,14130,14130,14130,14130
14133,川崎市,川崎市,川崎市,川崎市,川崎市,川崎市,中原区,中原区,中原区,中原区,中原区,中原区,14133,14133,14133,14133,14133,14133,14130,14130,14130,14130,14130,14130
14134,川崎市,川崎市,川崎市,川崎市,川崎市,川崎市,高津区,高津区,高津区,高津区,高津区,高津区,14134,14134,14134,14134,14134,14134,14130,14130,14130,14130,14130,14130
14135,川崎市,川崎市,川崎市,川崎市,川崎市,川崎市,多摩区,多摩区,多摩区,多摩区,多摩区,多摩区,14135,14135,14135,14135,14135,14135,14130,14130,14130,14130,14130,14130
14136,川崎市,川崎市,川崎市,川崎市,川崎市,川崎市,宮前区,宮前区,宮前区,宮前区,宮前区,宮前区,14136,14136,14136,14136,14136,14136,14130,14130,14130,14130,14130,14130
14137,川崎市,川崎市,川崎市,川崎市,川崎市,川崎市,麻生区,麻生区,麻生区,麻生区,麻生区,麻生区,14137,14137,14137,14137,14137,14137,14130,14130,14130,14130,14130,14130
14209,相模原市,相模原市,相模原市,相模原市,相模原市,相模原市,緑区,緑区,緑区,緑区,NA,NA,14151,14151,14151,14151,NA,NA,14150,14150,14150,14150,14209,14209
14209,相模原市,相模原市,相模原市,相模原市,相模原市,相模原市,中央区,中央区,中央区,中央区,NA,NA,14152,14152,14152,14152,NA,NA,14150,14150,14150,14150,14209,14209
14209,相模原市,相模原市,相模原市,相模原市,相模原市,相模原市,南区,南区,南区,南区,NA,NA,14153,14153,14153,14153,NA,NA,14150,14150,14150,14150,14209,14209
15201,新潟市,新潟市,新潟市,新潟市,新潟市,新潟市,北区,北区,北区,北区,NA,NA,15101,15101,15101,15101,NA,NA,15100,15100,15100,15100,15201,15201
15201,新潟市,新潟市,新潟市,新潟市,新潟市,新潟市,東区,東区,東区,東区,NA,NA,15102,15102,15102,15102,NA,NA,15100,15100,15100,15100,15201,15201
15201,新潟市,新潟市,新潟市,新潟市,新潟市,新潟市,中央区,中央区,中央区,中央区,NA,NA,15103,15103,15103,15103,NA,NA,15100,15100,15100,15100,15201,15201
15201,新潟市,新潟市,新潟市,新潟市,新潟市,新潟市,江南区,江南区,江南区,江南区,NA,NA,15104,15104,15104,15104,NA,NA,15100,15100,15100,15100,15201,15201
15201,新潟市,新潟市,新潟市,新潟市,新潟市,新潟市,秋葉区,秋葉区,秋葉区,秋葉区,NA,NA,15105,15105,15105,15105,NA,NA,15100,15100,15100,15100,15201,15201
15201,新潟市,新潟市,新潟市,新潟市,新潟市,新潟市,南区,南区,南区,南区,NA,NA,15106,15106,15106,15106,NA,NA,15100,15100,15100,15100,15201,15201
15201,新潟市,新潟市,新潟市,新潟市,新潟市,新潟市,西区,西区,西区,西区,NA,NA,15107,15107,15107,15107,NA,NA,15100,15100,15100,15100,15201,15201
15201,新潟市,新潟市,新潟市,新潟市,新潟市,新潟市,西蒲区,西蒲区,西蒲区,西蒲区,NA,NA,15108,15108,15108,15108,NA,NA,15100,15100,15100,15100,15201,15201
22201,静岡市,静岡市,静岡市,静岡市,静岡市,静岡市,葵区,葵区,葵区,葵区,葵区,NA,22101,22101,22101,22101,22101,NA,22100,22100,22100,22100,22100,22201
22201,静岡市,静岡市,静岡市,静岡市,静岡市,静岡市,駿河区,駿河区,駿河区,駿河区,駿河区,NA,22102,22102,22102,22102,22102,NA,22100,22100,22100,22100,22100,22201
22201,静岡市,静岡市,静岡市,静岡市,静岡市,静岡市,清水区,清水区,清水区,清水区,清水区,NA,22103,22103,22103,22103,22103,NA,22100,22100,22100,22100,22100,22201
22202,浜松市,浜松市,浜松市,浜松市,浜松市,浜松市,中央区,中区,中区,中区,NA,NA,22138,22131,22131,22131,NA,NA,22130,22130,22130,22130,22202,22202
22202,浜松市,浜松市,浜松市,浜松市,浜松市,浜松市,中央区,東区,東区,東区,NA,NA,22138,22132,22132,22132,NA,NA,22130,22130,22130,22130,22202,22202
22202,浜松市,浜松市,浜松市,浜松市,浜松市,浜松市,中央区,西区,西区,西区,NA,NA,22138,22133,22133,22133,NA,NA,22130,22130,22130,22130,22202,22202
22202,浜松市,浜松市,浜松市,浜松市,浜松市,浜松市,中央区,南区,南区,南区,NA,NA,22138,22134,22134,22134,NA,NA,22130,22130,22130,22130,22202,22202
22202,浜松市,浜松市,浜松市,浜松市,浜松市,浜松市,浜名区,北区,北区,北区,NA,NA,22139,22135,22135,22135,NA,NA,22130,22130,22130,22130,22202,22202
22202,浜松市,浜松市,浜松市,浜松市,浜松市,浜松市,浜名区,浜北区,浜北区,浜北区,NA,NA,22139,22136,22136,22136,NA,NA,22130,22130,22130,22130,22202,22202
22202,浜松市,浜松市,浜松市,浜松市,浜松市,浜松市,天竜区,天竜区,天竜区,天竜区,NA,NA,22140,22137,22137,22137,NA,NA,22130,22130,22130,22130,22202,22202
23101,名古屋市,名古屋市,名古屋市,名古屋市,名古屋市,名古屋市,千種区,千種区,千種区,千種区,千種区,千種区,23101,23101,23101,23101,23101,23101,23100,23100,23100,23100,23100,23100
23102,名古屋市,名古屋市,名古屋市,名古屋市,名古屋市,名古屋市,東区,東区,東区,東区,東区,東区,23102,23102,23102,23102,23102,23102,23100,23100,23100,23100,23100,23100
23103,名古屋市,名古屋市,名古屋市,名古屋市,名古屋市,名古屋市,北区,北区,北区,北区,北区,北区,23103,23103,23103,23103,23103,23103,23100,23100,23100,23100,23100,23100
23104,名古屋市,名古屋市,名古屋市,名古屋市,名古屋市,名古屋市,西区,西区,西区,西区,西区,西区,23104,23104,23104,23104,23104,23104,23100,23100,23100,23100,23100,23100
23105,名古屋市,名古屋市,名古屋市,名古屋市,名古屋市,名古屋市,中村区,中村区,中村区,中村区,中村区,中村区,23105,23105,23105,23105,23105,23105,23100,23100,23100,23100,23100,23100
23106,名古屋市,名古屋市,名古屋市,名古屋市,名古屋市,名古屋市,中区,中区,中区,中区,中区,中区,23106,23106,23106,23106,23106,23106,23100,23100,23100,23100,23100,23100
23107,名古屋市,名古屋市,名古屋市,名古屋市,名古屋市,名古屋市,昭和区,昭和区,昭和区,昭和区,昭和区,昭和区,23107,23107,23107,23107,23107,23107,23100,23100,23100,23100,23100,23100
23108,名古屋市,名古屋市,名古屋市,名古屋市,名古屋市,名古屋市,瑞穂区,瑞穂区,瑞穂区,瑞穂区,瑞穂区,瑞穂区,23108,23108,23108,23108,23108,23108,23100,23100,23100,23100,23100,23100
23109,名古屋市,名古屋市,名古屋市,名古屋市,名古屋市,名古屋市,熱田区,熱田区,熱田区,熱田区,熱田区,熱田区,23109,23109,23109,23109,23109,23109,23100,23100,23100,23100,23100,23100
23110,名古屋市,名古屋市,名古屋市,名古屋市,名古屋市,名古屋市,中川区,中川区,中川区,中川区,中川区,中川区,23110,23110,23110,23110,23110,23110,23100,23100,23100,23100,23100,23100
23111,名古屋市,名古屋市,名古屋市,名古屋市,名古屋市,名古屋市,港区,港区,港区,港区,港区,港区,23111,23111,23111,23111,23111,23111,23100,23100,23100,23100,23100,23100
23112,名古屋市,名古屋市,名古屋市,名古屋市,名古屋市,名古屋市,南区,南区,南区,南区,南区,南区,23112,23112,23112,23112,23112,23112,23100,23100,23100,23100,23100,23100
23113,名古屋市,名古屋市,名古屋市,名古屋市,名古屋市,名古屋市,守山区,守山区,守山区,守山区,守山区,守山区,23113,23113,23113,23113,23113,23113,23100,23100,23100,23100,23100,23100
23114,名古屋市,名古屋市,名古屋市,名古屋市,名古屋市,名古屋市,緑区,緑区,緑区,緑区,緑区,緑区,23114,23114,23114,23114,23114,23114,23100,23100,23100,23100,23100,23100
23115,名古屋市,名古屋市,名古屋市,名古屋市,名古屋市,名古屋市,名東区,名東区,名東区,名東区,名東区,名東区,23115,23115,23115,23115,23115,23115,23100,23100,23100,23100,23100,23100
23116,名古屋市,名古屋市,名古屋市,名古屋市,名古屋市,名古屋市,天白区,天白区,天白区,天白区,天白区,天白区,23116,23116,23116,23116,23116,23116,23100,23100,23100,23100,23100,23100
26101,京都市,京都市,京都市,京都市,京都市,京都市,北区,北区,北区,北区,北区,北区,26101,26101,26101,26101,26101,26101,26100,26100,26100,26100,26100,26100
26102,京都市,京都市,京都市,京都市,京都市,京都市,上京区,上京区,上京区,上京区,上京区,上京区,26102,26102,26102,26102,26102,26102,26100,26100,26100,26100,26100,26100
26103,京都市,京都市,京都市,京都市,京都市,京都市,左京区,左京区,左京区,左京区,左京区,左京区,26103,26103,26103,26103,26103,26103,26100,26100,26100,26100,26100,26100
26104,京都市,京都市,京都市,京都市,京都市,京都市,中京区,中京区,中京区,中京区,中京区,中京区,26104,26104,26104,26104,26104,26104,26100,26100,26100,26100,26100,26100
26105,京都市,京都市,京都市,京都市,京都市,京都市,東山区,東山区,東山区,東山区,東山区,東山区,26105,26105,26105,26105,26105,26105,26100,26100,26100,26100,26100,26100
26106,京都市,京都市,京都市,京都市,京都市,京都市,下京区,下京区,下京区,下京区,下京区,下京区,26106,26106,26106,26106,26106,26106,26100,26100,26100,26100,26100,26100
26107,京都市,京都市,京都市,京都市,京都市,京都市,南区,南区,南区,南区,南区,南区,26107,26107,26107,26107,26107,26107,26100,26100,26100,26100,26100,26100
26108,京都市,京都市,京都市,京都市,京都市,京都市,右京区,右京区,右京区,右京区,右京区,右京区,26108,26108,26108,26108,26108,26108,26100,26100,26100,26100,26100,26100
26109,京都市,京都市,京都市,京都市,京都市,京都市,伏見区,伏見区,伏見区,伏見区,伏見区,伏見区,26109,26109,26109,26109,26109,26109,26100,26100,26100,26100,26100,26100
26110,京都市,京都市,京都市,京都市,京都市,京都市,山科区,山科区,山科区,山科区,山科区,山科区,26110,26110,26110,26110,26110,26110,26100,26100,26100,26100,26100,26100
26111,京都市,京都市,京都市,京都市,京都市,京都市,西京区,西京区,西京区,西京区,西京区,西京区,26111,26111,26111,26111,26111,26111,26100,26100,26100,26100,26100,26100
27102,大阪市,大阪市,大阪市,大阪市,大阪市,大阪市,都島区,都島区,都島区,都島区,都島区,都島区,27102,27102,27102,27102,27102,27102,27100,27100,27100,27100,27100,27100
27103,大阪市,大阪市,大阪市,大阪市,大阪市,大阪市,福島区,福島区,福島区,福島区,福島区,福島区,27103,27103,27103,27103,27103,27103,27100,27100,27100,27100,27100,27100
27104,大阪市,大阪市,大阪市,大阪市,大阪市,大阪市,此花区,此花区,此花区,此花区,此花区,此花区,27104,27104,27104,27104,27104,27104,27100,27100,27100,27100,27100,27100
27106,大阪市,大阪市,大阪市,大阪市,大阪市,大阪市,西区,西区,西区,西区,西区,西区,27106,27106,27106,27106,27106,27106,27100,27100,27100,27100,27100,27100
27107,大阪市,大阪市,大阪市,大阪市,大阪市,大阪市,港区,港区,港区,港区,港区,港区,27107,27107,27107,27107,27107,27107,27100,27100,27100,27100,27100,27100
27108,大阪市,大阪市,大阪市,大阪市,大阪市,大阪市,大正区,大正区,大正区,大正区,大正区,大正区,27108,27108,27108,27108,27108,27108,27100,27100,27100,27100,27100,27100
27109,大阪市,大阪市,大阪市,大阪市,大阪市,大阪市,天王寺区,天王寺区,天王寺区,天王寺区,天王寺区,天王寺区,27109,27109,27109,27109,27109,27109,27100,27100,27100,27100,27100,27100
27111,大阪市,大阪市,大阪市,大阪市,大阪市,大阪市,浪速区,浪速区,浪速区,浪速区,浪速区,浪速区,27111,27111,27111,27111,27111,27111,27100,27100,27100,27100,27100,27100
27113,大阪市,大阪市,大阪市,大阪市,大阪市,大阪市,西淀川区,西淀川区,西淀川区,西淀川区,西淀川区,西淀川区,27113,27113,27113,27113,27113,27113,27100,27100,27100,27100,27100,27100
27114,大阪市,大阪市,大阪市,大阪市,大阪市,大阪市,東淀川区,東淀川区,東淀川区,東淀川区,東淀川区,東淀川区,27114,27114,27114,27114,27114,27114,27100,27100,27100,27100,27100,27100
27115,大阪市,大阪市,大阪市,大阪市,大阪市,大阪市,東成区,東成区,東成区,東成区,東成区,東成区,27115,27115,27115,27115,27115,27115,27100,27100,27100,27100,27100,27100
27116,大阪市,大阪市,大阪市,大阪市,大阪市,大阪市,生野区,生野区,生野区,生野区,生野区,生野区,27116,27116,27116,27116,27116,27116,27100,27100,27100,27100,27100,27100
27117,大阪市,大阪市,大阪市,大阪市,大阪市,大阪市,旭区,旭区,旭区,旭区,旭区,旭区,27117,27117,27117,27117,27117,27117,27100,27100,27100,27100,27100,27100
27118,大阪市,大阪市,大阪市,大阪市,大阪市,大阪市,城東区,城東区,城東区,城東区,城東区,城東区,27118,27118,27118,27118,27118,27118,27100,27100,27100,27100,27100,27100
27119,大阪市,大阪市,大阪市,大阪市,大阪市,大阪市,阿倍野区,阿倍野区,阿倍野区,阿倍野区,阿倍野区,阿倍野区,27119,27119,27119,27119,27119,27119,27100,27100,27100,27100,27100,27100
27120,大阪市,大阪市,大阪市,大阪市,大阪市,大阪市,住吉区,住吉区,住吉区,住吉区,住吉区,住吉区,27120,27120,27120,27120,27120,27120,27100,27100,27100,27100,27100,27100
27121,大阪市,大阪市,大阪市,大阪市,大阪市,大阪市,東住吉区,東住吉区,東住吉区,東住吉区,東住吉区,東住吉区,27121,27121,27121,27121,27121,27121,27100,27100,27100,27100,27100,27100
27122,大阪市,大阪市,大阪市,大阪市,大阪市,大阪市,西成区,西成区,西成区,西成区,西成区,西成区,27122,27122,27122,27122,27122,27122,27100,27100,27100,27100,27100,27100
27123,大阪市,大阪市,大阪市,大阪市,大阪市,大阪市,淀川区,淀川区,淀川区,淀川区,淀川区,淀川区,27123,27123,27123,27123,27123,27123,27100,27100,27100,27100,27100,27100
27124,大阪市,大阪市,大阪市,大阪市,大阪市,大阪市,鶴見区,鶴見区,鶴見区,鶴見区,鶴見区,鶴見区,27124,27124,27124,27124,27124,27124,27100,27100,27100,27100,27100,27100
27125,大阪市,大阪市,大阪市,大阪市,大阪市,大阪市,住之江区,住之江区,住之江区,住之江区,住之江区,住之江区,27125,27125,27125,27125,27125,27125,27100,27100,27100,27100,27100,27100
27126,大阪市,大阪市,大阪市,大阪市,大阪市,大阪市,平野区,平野区,平野区,平野区,平野区,平野区,27126,27126,27126,27126,27126,27126,27100,27100,27100,27100,27100,27100
27127,大阪市,大阪市,大阪市,大阪市,大阪市,大阪市,北区,北区,北区,北区,北区,北区,27127,27127,27127,27127,27127,27127,27100,27100,27100,27100,27100,27100
27128,大阪市,大阪市,大阪市,大阪市,大阪市,大阪市,中央区,中央区,中央区,中央区,中央区,中央区,27128,27128,27128,27128,27128,27128,27100,27100,27100,27100,27100,27100
27201,堺市,堺市,堺市,堺市,堺市,堺市,堺区,堺区,堺区,堺区,NA,NA,27141,27141,27141,27141,NA,NA,27140,27140,27140,27140,27201,27201
27201,堺市,堺市,堺市,堺市,堺市,堺市,中区,中区,中区,中区,NA,NA,27142,27142,27142,27142,NA,NA,27140,27140,27140,27140,27201,27201
27201,堺市,堺市,堺市,堺市,堺市,堺市,東区,東区,東区,東区,NA,NA,27143,27143,27143,27143,NA,NA,27140,27140,27140,27140,27201,27201
27201,堺市,堺市,堺市,堺市,堺市,堺市,西区,西区,西区,西区,NA,NA,27144,27144,27144,27144,NA,NA,27140,27140,27140,27140,27201,27201
27201,堺市,堺市,堺市,堺市,堺市,堺市,南区,南区,南区,南区,NA,NA,27145,27145,27145,27145,NA,NA,27140,27140,27140,27140,27201,27201
27201,堺市,堺市,堺市,堺市,堺市,堺市,北区,北区,北区,北区,NA,NA,27146,27146,27146,27146,NA,NA,27140,27140,27140,27140,27201,27201
27201,堺市,堺市,堺市,堺市,堺市,堺市,美原区,美原区,美原区,美原区,NA,NA,27147,27147,27147,27147,NA,NA,27140,27140,27140,27140,27201,27201
28101,神戸市,神戸市,神戸市,神戸市,神戸市,神戸市,東灘区,東灘区,東灘区,東灘区,東灘区,東灘区,28101,28101,28101,28101,28101,28101,28100,28100,28100,28100,28100,28100
28102,神戸市,神戸市,神戸市,神戸市,神戸市,神戸市,灘区,灘区,灘区,灘区,灘区,灘区,28102,28102,28102,28102,28102,28102,28100,28100,28100,28100,28100,28100
28105,神戸市,神戸市,神戸市,神戸市,神戸市,神戸市,兵庫区,兵庫区,兵庫区,兵庫区,兵庫区,兵庫区,28105,28105,28105,28105,28105,28105,28100,28100,28100,28100,28100,28100
28106,神戸市,神戸市,神戸市,神戸市,神戸市,神戸市,長田区,長田区,長田区,長田区,長田区,長田区,28106,28106,28106,28106,28106,28106,28100,28100,28100,28100,28100,28100
28107,神戸市,神戸市,神戸市,神戸市,神戸市,神戸市,須磨区,須磨区,須磨区,須磨区,須磨区,須磨区,28107,28107,28107,28107,28107,28107,28100,28100,28100,28100,28100,28100
28108,神戸市,神戸市,神戸市,神戸市,神戸市,神戸市,垂水区,垂水区,垂水区,垂水区,垂水区,垂水区,28108,28108,28108,28108,28108,28108,28100,28100,28100,28100,28100,28100
28109,神戸市,神戸市,神戸市,神戸市,神戸市,神戸市,北区,北区,北区,北区,北区,北区,28109,28109,28109,28109,28109,28109,28100,28100,28100,28100,28100,28100
28110,神戸市,神戸市,神戸市,神戸市,神戸市,神戸市,中央区,中央区,中央区,中央区,中央区,中央区,28110,28110,28110,28110,28110,28110,28100,28100,28100,28100,28100,28100
28111,神戸市,神戸市,神戸市,神戸市,神戸市,神戸市,西区,西区,西区,西区,西区,西区,28111,28111,28111,28111,28111,28111,28100,28100,28100,28100,28100,28100
33201,岡山市,岡山市,岡山市,岡山市,岡山市,岡山市,北区,北区,北区,北区,NA,NA,33101,33101,33101,33101,NA,NA,33100,33100,33100,33100,33201,33201
33201,岡山市,岡山市,岡山市,岡山市,岡山市,岡山市,中区,中区,中区,中区,NA,NA,33102,33102,33102,33102,NA,NA,33100,33100,33100,33100,33201,33201
33201,岡山市,岡山市,岡山市,岡山市,岡山市,岡山市,東区,東区,東区,東区,NA,NA,33103,33103,33103,33103,NA,NA,33100,33100,33100,33100,33201,33201
33201,岡山市,岡山市,岡山市,岡山市,岡山市,岡山市,南区,南区,南区,南区,NA,NA,33104,33104,33104,33104,NA,NA,33100,33100,33100,33100,33201,33201
34101,広島市,広島市,広島市,広島市,広島市,広島市,中区,中区,中区,中区,中区,中区,34101,34101,34101,34101,34101,34101,34100,34100,34100,34100,34100,34100
34102,広島市,広島市,広島市,広島市,広島市,広島市,東区,東区,東区,東区,東区,東区,34102,34102,34102,34102,34102,34102,34100,34100,34100,34100,34100,34100
34103,広島市,広島市,広島市,広島市,広島市,広島市,南区,南区,南区,南区,南区,南区,34103,34103,34103,34103,34103,34103,34100,34100,34100,34100,34100,34100
34104,広島市,広島市,広島市,広島市,広島市,広島市,西区,西区,西区,西区,西区,西区,34104,34104,34104,34104,34104,34104,34100,34100,34100,34100,34100,34100
34105,広島市,広島市,広島市,広島市,広島市,広島市,安佐南区,安佐南区,安佐南区,安佐南区,安佐南区,安佐南区,34105,34105,34105,34105,34105,34105,34100,34100,34100,34100,34100,34100
34106,広島市,広島市,広島市,広島市,広島市,広島市,安佐北区,安佐北区,安佐北区,安佐北区,安佐北区,安佐北区,34106,34106,34106,34106,34106,34106,34100,34100,34100,34100,34100,34100
34107,広島市,広島市,広島市,広島市,広島市,広島市,安芸区,安芸区,安芸区,安芸区,安芸区,安芸区,34107,34107,34107,34107,34107,34107,34100,34100,34100,34100,34100,34100
34108,広島市,広島市,広島市,広島市,広島市,広島市,佐伯区,佐伯区,佐伯区,佐伯区,佐伯区,佐伯区,34108,34108,34108,34108,34108,34108,34100,34100,34100,34100,34100,34100
40101,北九州市,北九州市,北九州市,北九州市,北九州市,北九州市,門司区,門司区,門司区,門司区,門司区,門司区,40101,40101,40101,40101,40101,40101,40100,40100,40100,40100,40100,40100
40103,北九州市,北九州市,北九州市,北九州市,北九州市,北九州市,若松区,若松区,若松区,若松区,若松区,若松区,40103,40103,40103,40103,40103,40103,40100,40100,40100,40100,40100,40100
40105,北九州市,北九州市,北九州市,北九州市,北九州市,北九州市,戸畑区,戸畑区,戸畑区,戸畑区,戸畑区,戸畑区,40105,40105,40105,40105,40105,40105,40100,40100,40100,40100,40100,40100
40106,北九州市,北九州市,北九州市,北九州市,北九州市,北九州市,小倉北区,小倉北区,小倉北区,小倉北区,小倉北区,小倉北区,40106,40106,40106,40106,40106,40106,40100,40100,40100,40100,40100,40100
40107,北九州市,北九州市,北九州市,北九州市,北九州市,北九州市,小倉南区,小倉南区,小倉南区,小倉南区,小倉南区,小倉南区,40107,40107,40107,40107,40107,40107,40100,40100,40100,40100,40100,40100
40108,北九州市,北九州市,北九州市,北九州市,北九州市,北九州市,八幡東区,八幡東区,八幡東区,八幡東区,八幡東区,八幡東区,40108,40108,40108,40108,40108,40108,40100,40100,40100,40100,40100,40100
40109,北九州市,北九州市,北九州市,北九州市,北九州市,北九州市,八幡西区,八幡西区,八幡西区,八幡西区,八幡西区,八幡西区,40109,40109,40109,40109,40109,40109,40100,40100,40100,40100,40100,40100
40131,福岡市,福岡市,福岡市,福岡市,福岡市,福岡市,東区,東区,東区,東区,東区,東区,40131,40131,40131,40131,40131,40131,40130,40130,40130,40130,40130,40130
40132,福岡市,福岡市,福岡市,福岡市,福岡市,福岡市,博多区,博多区,博多区,博多区,博多区,博多区,40132,40132,40132,40132,40132,40132,40130,40130,40130,40130,40130,40130
40133,福岡市,福岡市,福岡市,福岡市,福岡市,福岡市,中央区,中央区,中央区,中央区,中央区,中央区,40133,40133,40133,40133,40133,40133,40130,40130,40130,40130,40130,40130
40134,福岡市,福岡市,福岡市,福岡市,福岡市,福岡市,南区,南区,南区,南区,南区,南区,40134,40134,40134,40134,40134,40134,40130,40130,40130,40130,40130,40130
40135,福岡市,福岡市,福岡市,福岡市,福岡市,福岡市,西区,西区,西区,西区,西区,西区,40135,40135,40135,40135,40135,40135,40130,40130,40130,40130,40130,40130
40136,福岡市,福岡市,福岡市,福岡市,福岡市,福岡市,城南区,城南区,城南区,城南区,城南区,城南区,40136,40136,40136,40136,40136,40136,40130,40130,40130,40130,40130,40130
40137,福岡市,福岡市,福岡市,福岡市,福岡市,福岡市,早良区,早良区,早良区,早良区,早良区,早良区,40137,40137,40137,40137,40137,40137,40130,40130,40130,40130,40130,40130
43201,熊本市,熊本市,熊本市,熊本市,熊本市,熊本市,中央区,中央区,中央区,NA,NA,NA,43101,43101,43101,NA,NA,NA,43100,43100,43100,43201,43201,43201
43201,熊本市,熊本市,熊本市,熊本市,熊本市,熊本市,東区,東区,東区,NA,NA,NA,43102,43102,43102,NA,NA,NA,43100,43100,43100,43201,43201,43201
43201,熊本市,熊本市,熊本市,熊本市,熊本市,熊本市,西区,西区,西区,NA,NA,NA,43103,43103,43103,NA,NA,NA,43100,43100,43100,43201,43201,43201
43201,熊本市,熊本市,熊本市,熊本市,熊本市,熊本市,南区,南区,南区,NA,NA,NA,43104,43104,43104,NA,NA,NA,43100,43100,43100,43201,43201,43201
43201,熊本市,熊本市,熊本市,熊本市,熊本市,熊本市,北区,北区,北区,NA,NA,NA,43105,43105,43105,NA,NA,NA,43100,43100,43100,43201,43201,43201
